{
    "root_group": {
        "name": "",
        "path": "",
        "id": "d41d8cd98f00b204e9800998ecf8427e",
        "groups": {},
        "checks": {
                "status is 200": {
                    "name": "status is 200",
                    "path": "::status is 200",
                    "id": "6210a8cd14cd70477eba5c5e4cb3fb5f",
                    "passes": 865,
                    "fails": 0
                }
            }
    },
    "metrics": {
        "http_req_tls_handshaking": {
            "avg": 1.2252803468208093,
            "min": 0,
            "med": 0,
            "max": 202.863,
            "p(90)": 0,
            "p(95)": 0
        },
        "checks": {
            "passes": 865,
            "fails": 0,
            "thresholds": {
                "rate>0.99": false
            },
            "value": 1
        },
        "iterations": {
            "count": 865,
            "rate": 21.577194646401164
        },
        "http_req_waiting": {
            "avg": 98.81585202312138,
            "min": 5.208,
            "med": 136.7835,
            "max": 288.303,
            "p(90)": 185.7808,
            "p(95)": 243.76369999999991
        },
        "http_reqs": {
            "count": 1730,
            "rate": 43.15438929280233
        },
        "http_req_connecting": {
            "avg": 1.252212716763006,
            "min": 0,
            "med": 0,
            "max": 254.402,
            "p(90)": 0,
            "p(95)": 0
        },
        "vus": {
            "value": 3,
            "min": 1,
            "max": 10
        },
        "vus_max": {
            "value": 10,
            "min": 10,
            "max": 10
        },
        "http_req_duration": {
            "max": 288.535,
            "p(90)": 185.95309999999998,
            "p(95)": 243.88499999999993,
            "avg": 98.95996242774581,
            "min": 5.554,
            "med": 136.8915,
            "thresholds": {
                "p(95)<800": false
            }
        },
        "iteration_duration": {
            "avg": 203.15107545433546,
            "min": 172.24625,
            "med": 190.634709,
            "max": 665.277458,
            "p(90)": 272.50209159999997,
            "p(95)": 280.2207664
        },
        "http_req_failed": {
            "passes": 0,
            "fails": 1730,
            "thresholds": {
                "rate<0.01": false
            },
            "value": 0
        },
        "data_sent": {
            "rate": 2821.6235519395004,
            "count": 113115
        },
        "http_req_blocked": {
            "avg": 2.4824959537572955,
            "min": 0,
            "med": 0.001,
            "max": 452.192,
            "p(90)": 0.001,
            "p(95)": 0.002
        },
        "http_req_sending": {
            "max": 1.14,
            "p(90)": 0.114,
            "p(95)": 0.15064999999999976,
            "avg": 0.06573583815028951,
            "min": 0.011,
            "med": 0.047
        },
        "data_received": {
            "count": 3273207,
            "rate": 81649.27694446569
        },
        "http_req_duration{expected_response:true}": {
            "p(90)": 185.95309999999998,
            "p(95)": 243.88499999999993,
            "avg": 98.95996242774581,
            "min": 5.554,
            "med": 136.8915,
            "max": 288.535
        },
        "http_req_receiving": {
            "min": 0.008,
            "med": 0.0505,
            "max": 1.736,
            "p(90)": 0.138,
            "p(95)": 0.18809999999999985,
            "avg": 0.07837456647398884
        }
    }
}