{
    "root_group": {
        "name": "",
        "path": "",
        "id": "d41d8cd98f00b204e9800998ecf8427e",
        "groups": {},
        "checks": {
                "status is 200": {
                    "passes": 413,
                    "fails": 0,
                    "name": "status is 200",
                    "path": "::status is 200",
                    "id": "6210a8cd14cd70477eba5c5e4cb3fb5f"
                }
            }
    },
    "metrics": {
        "data_sent": {
            "count": 72209,
            "rate": 1787.4545734939663
        },
        "http_req_blocked": {
            "avg": 5.298604116222836,
            "min": 0,
            "med": 0.001,
            "max": 480.841,
            "p(90)": 0.002,
            "p(95)": 0.002
        },
        "vus_max": {
            "value": 10,
            "min": 10,
            "max": 10
        },
        "http_req_duration{expected_response:true}": {
            "p(90)": 189.98250000000002,
            "p(95)": 253.21325000000002,
            "avg": 108.96471307506053,
            "min": 5.037,
            "med": 156.8475,
            "max": 263.536
        },
        "http_req_failed": {
            "passes": 0,
            "fails": 826,
            "thresholds": {
                "rate<0.01": false
            },
            "value": 0
        },
        "http_req_sending": {
            "p(95)": 0.2704999999999998,
            "avg": 0.10987288135593244,
            "min": 0.02,
            "med": 0.082,
            "max": 1.132,
            "p(90)": 0.21700000000000003
        },
        "http_req_receiving": {
            "p(90)": 0.14650000000000002,
            "p(95)": 0.178,
            "avg": 0.08746731234866839,
            "min": 0.01,
            "med": 0.063,
            "max": 1.77
        },
        "http_req_waiting": {
            "min": 4.999,
            "med": 156.6825,
            "max": 263.314,
            "p(90)": 189.76250000000002,
            "p(95)": 253.09075,
            "avg": 108.76737288135595
        },
        "http_reqs": {
            "count": 826,
            "rate": 20.446723783822186
        },
        "http_req_tls_handshaking": {
            "p(90)": 0,
            "p(95)": 0,
            "avg": 2.607127118644068,
            "min": 0,
            "med": 0,
            "max": 268.53
        },
        "data_received": {
            "count": 1616239,
            "rate": 40008.22324653873
        },
        "iteration_duration": {
            "min": 379.686709,
            "med": 394.958708,
            "max": 979.804208,
            "p(90)": 465.09365,
            "p(95)": 471.6405916,
            "avg": 429.6165541646487
        },
        "http_req_duration": {
            "min": 5.037,
            "med": 156.8475,
            "max": 263.536,
            "p(90)": 189.98250000000002,
            "p(95)": 253.21325000000002,
            "avg": 108.96471307506053,
            "thresholds": {
                "p(95)<800": false
            }
        },
        "vus": {
            "value": 3,
            "min": 1,
            "max": 10
        },
        "checks": {
            "passes": 413,
            "fails": 0,
            "thresholds": {
                "rate>0.99": false
            },
            "value": 1
        },
        "iterations": {
            "count": 413,
            "rate": 10.223361891911093
        },
        "http_req_connecting": {
            "med": 0,
            "max": 185.805,
            "p(90)": 0,
            "p(95)": 0,
            "avg": 2.5409007263922514,
            "min": 0
        }
    }
}