{
    "metrics": {
        "data_sent": {
            "count": 341149,
            "rate": 11304.146823189107
        },
        "http_req_duration": {
            "p(95)": 217.9539499999999,
            "p(99)": 261.11232,
            "avg": 101.47274433724817,
            "min": 4.822,
            "med": 142.2535,
            "max": 280.943,
            "p(90)": 187.0176,
            "thresholds": {
                "p(95)<400": false
            }
        },
        "iterations": {
            "count": 2384,
            "rate": 78.99506088683486
        },
        "vus_max": {
            "value": 36,
            "min": 36,
            "max": 36
        },
        "http_req_waiting": {
            "max": 280.698,
            "p(90)": 186.87290000000002,
            "p(95)": 217.79374999999993,
            "p(99)": 261.0276,
            "avg": 101.32284563758422,
            "min": 1.802,
            "med": 141.622
        },
        "vus": {
            "min": 14,
            "max": 25,
            "value": 14
        },
        "http_req_blocked": {
            "max": 450.059,
            "p(90)": 0.001,
            "p(95)": 0.001,
            "p(99)": 24.150329999999926,
            "avg": 3.054072567114184,
            "min": 0,
            "med": 0
        },
        "http_req_connecting": {
            "min": 0,
            "med": 0,
            "max": 262.532,
            "p(90)": 0,
            "p(95)": 0,
            "p(99)": 7.68164,
            "avg": 1.4906478607382554
        },
        "http_req_sending": {
            "avg": 0.07881019295302005,
            "min": 0.013,
            "med": 0.059,
            "max": 21.246,
            "p(90)": 0.135,
            "p(95)": 0.163,
            "p(99)": 0.2456599999999999
        },
        "dropped_iterations": {
            "count": 16,
            "rate": 0.5301681938713749
        },
        "http_req_failed": {
            "passes": 0,
            "fails": 4768,
            "thresholds": {
                "rate<0.01": false
            },
            "value": 0
        },
        "http_req_tls_handshaking": {
            "med": 0,
            "max": 260.354,
            "p(90)": 0,
            "p(95)": 0,
            "p(99)": 14.030569999999981,
            "avg": 1.5130568372483226,
            "min": 0
        },
        "http_req_duration{expected_response:true}": {
            "med": 142.2535,
            "max": 280.943,
            "p(90)": 187.0176,
            "p(95)": 217.9539499999999,
            "p(99)": 261.11232,
            "avg": 101.47274433724817,
            "min": 4.822
        },
        "iteration_duration": {
            "avg": 209.30116780704694,
            "min": 174.427667,
            "med": 192.26991600000002,
            "max": 676.012917,
            "p(90)": 262.1252787,
            "p(95)": 277.742933,
            "p(99)": 575.97388486
        },
        "http_reqs": {
            "count": 4768,
            "rate": 157.99012177366973
        },
        "http_req_receiving": {
            "p(90)": 0.104,
            "p(95)": 0.137,
            "p(99)": 0.7853199999999999,
            "avg": 0.07108850671140907,
            "min": 0.009,
            "med": 0.046,
            "max": 3.57
        },
        "data_received": {
            "count": 9105567,
            "rate": 301717.6256602996
        },
        "checks": {
            "passes": 2384,
            "fails": 0,
            "thresholds": {
                "rate>0.99": false
            },
            "value": 1
        }
    },
    "root_group": {
        "id": "d41d8cd98f00b204e9800998ecf8427e",
        "groups": {},
        "checks": {
                "status 200": {
                    "name": "status 200",
                    "path": "::status 200",
                    "id": "fad9fa412b86fcb03bee97c80dcd61f1",
                    "passes": 2384,
                    "fails": 0
                }
            },
        "name": "",
        "path": ""
    }
}